,Survived,Pclass,Name,Sex,Age,Siblings/Spouses Aboard,Parents/Children Aboard,Fare
0,1,2,Miss. Jessie Wills Leitch,female,31.0,0,0,33.0
1,1,2,Mrs. (Elizabeth Anne Maidment) Mellinger,female,41.0,0,1,19.5
2,1,2,Master. William Rowe Richards,male,3.0,1,1,18.75
3,1,2,Miss. Kate Florence Phillips,female,19.0,0,0,26.0
4,0,3,Mr. Marin Markoff,male,35.0,0,0,7.8958
5,0,2,Mr. William Campbell,male,21.0,0,0,0.0
6,0,3,Miss. Ida Lefebre,female,3.0,3,1,25.4667
7,0,1,Jonkheer. John George Reuchlin,male,38.0,0,0,0.0
8,0,2,Mr. George Henry Hunt,male,33.0,0,0,12.275
9,0,3,Mr. Roger Tobin,male,20.0,0,0,7.75
10,0,3,Mr. Thomas Leonard Theobald,male,34.0,0,0,8.05
11,1,2,Mrs. John T (Ada Julia Bone) Doling,female,34.0,0,1,23.0
12,1,3,Miss. Agnes McCoy,female,28.0,2,0,23.25
13,0,3,Mrs. Thomas (Annie Louise Rowley) Meek,female,32.0,0,0,8.05
14,0,3,Miss. Saiide Barbara,female,18.0,0,1,14.4542
15,0,3,Mr. Thomas J Kilgannon,male,22.0,0,0,7.7375
16,0,3,Mr. Amin Saad,male,30.0,0,0,7.2292
17,0,3,Miss. Telma Matilda Strom,female,2.0,0,1,10.4625
18,0,1,Mr. Quigg Edmond Baxter,male,24.0,0,1,247.5208
19,0,2,Rev. Robert James Bateman,male,51.0,0,0,12.525
20,0,3,Mrs. Frederick (Augusta Tyler) Goodwin,female,43.0,1,6,46.9
21,1,2,Mrs. Elizabeth (Eliza Needs) Hocking,female,54.0,1,3,23.0
22,0,1,Dr. Arthur Jackson Brewe,male,46.0,0,0,39.6
23,1,3,Mr. Fang Lang,male,26.0,0,0,56.4958
24,0,3,Mr. Ivan Mineff,male,24.0,0,0,7.8958
25,1,3,Miss. Ellen O'Dwyer,female,24.0,0,0,7.8792
26,1,3,Miss. Banoura Ayoub,female,13.0,0,0,7.2292
27,1,1,Miss. Alice Elizabeth Fortune,female,24.0,3,2,263.0
28,0,2,Mr. William Carbines,male,19.0,0,0,13.0
29,0,2,Mr. Rene Jacques Levy,male,36.0,0,0,12.875
30,0,3,Mr. Harry Corn,male,30.0,0,0,8.05
31,0,1,Mr. Timothy J McCarthy,male,54.0,0,0,51.8625
32,1,1,Mrs. John Jacob (Madeleine Talmadge Force) Astor,female,18.0,1,0,227.525
33,0,3,Mr. Gerious Yousseff,male,26.0,0,0,14.4583
34,1,1,Mrs. Albert Adrian (Vera Gillespie) Dick,female,17.0,1,0,57.0
35,1,1,Mrs. John Bradley (Florence Briggs Thayer) Cumings,female,38.0,1,0,71.2833
36,0,3,Mr. Viktor Richard Rosblom,male,18.0,1,1,20.2125
37,1,3,Mr. Victor Francis Sunderland,male,16.0,0,0,8.05
38,1,1,Mrs. Gertrude Maybelle Thorne,female,38.0,0,0,79.2
39,0,3,Mr. Samuel Dennis,male,22.0,0,0,7.25
40,0,3,Master. William Frederick Goodwin,male,11.0,5,2,46.9
41,0,3,Mr. Christo Nenkoff,male,22.0,0,0,7.8958
42,0,3,Master. Arthur Rice,male,4.0,4,1,29.125
43,0,1,Mr. Thornton Davidson,male,31.0,1,0,52.0
44,1,3,Miss. Adele Kiamie Najib,female,15.0,0,0,7.225
45,1,3,Master. Bertram Vere Dean,male,1.0,1,2,20.575
46,0,2,Rev. Ernest Courtenay Carter,male,54.0,1,0,26.0
47,1,1,Mr. Edward Pennington Calderhead,male,42.0,0,0,26.2875
48,0,3,Miss. Stina Viola Palsson,female,3.0,3,1,21.075
49,0,3,Master. Sidney Leonard Goodwin,male,1.0,5,2,46.9
50,1,1,Mrs. John C (Anna Andrews) Hogeboom,female,51.0,1,0,77.9583
51,0,3,Mr. Nakli Toufik,male,17.0,0,0,7.2292
52,1,2,Mrs. Sinai (Miriam Sternin) Kantor,female,24.0,1,0,26.0
53,0,3,Mr. Nikolai Erland Kallio,male,17.0,0,0,7.125
54,0,3,Mr. Phillippe Wiseman,male,54.0,0,0,7.25
55,0,3,Miss. Gerda Ulrika Dahlberg,female,22.0,0,0,10.5167
56,1,1,Miss. Susan Parker Ryerson,female,21.0,2,2,262.375
57,1,1,Mr. Spencer Victor Silverthorne,male,35.0,0,0,26.2875
58,0,3,Mr. Karl Alfred Backstrom,male,32.0,1,0,15.85
59,0,3,Miss. Ingeborg Constanzia Andersson,female,9.0,4,2,31.275
60,0,3,Master. Eino Viljami Panula,male,1.0,4,1,39.6875
61,1,1,Mr. William Ernest Carter,male,36.0,1,2,120.0
62,1,1,Miss. Emily Borie Ryerson,female,18.0,2,2,262.375
63,0,3,Mr. Kanio Ivanoff,male,20.0,0,0,7.8958
64,0,3,Miss. Mathilde Lefebre,female,12.0,3,1,25.4667
65,0,1,Mr. Arthur Webster Newell,male,58.0,0,2,113.275
66,1,3,Master. Edvin Rojj Felix Asplund,male,3.0,4,2,31.3875
67,0,1,Mr. Frederick Sutton,male,61.0,0,0,32.3208
68,0,3,Mr. Jacob Cook,male,43.0,0,0,8.05
69,0,3,Miss. Wendla Maria Heininen,female,23.0,0,0,7.925
70,0,1,Mr. Charles H Harrington,male,37.0,0,0,42.4
71,0,3,Mr. Jozef Drazenoic,male,33.0,0,0,7.8958
72,0,3,Miss. Sigrid Elisabeth Andersson,female,11.0,4,2,31.275
73,1,3,Miss. Margaret Madigan,female,21.0,0,0,7.75
74,0,2,Mr. Edward H Wheadon,male,66.0,0,0,10.5
75,0,3,Mr. Eliezer Gilinski,male,22.0,0,0,8.05
76,0,2,Mr. Stanley Hubert Fox,male,36.0,0,0,13.0
77,0,3,Miss. Catherine Helen Johnston,female,7.0,1,2,23.45
78,0,3,Miss. Thamine Zabour,female,19.0,1,0,14.4542
79,1,3,Miss. Anna Sofia Turja,female,18.0,0,0,9.8417
80,0,2,Mr. Benjamin Hart,male,43.0,1,1,26.25
81,1,1,Miss. Hedwig Margaritha Frolicher,female,22.0,0,2,49.5
82,1,3,Mrs. Hjalmar (Agnes Charlotta Bengtsson) Sandstrom,female,24.0,0,2,16.7
83,0,3,Mr. Daniel Danielsen Gronnestad,male,32.0,0,0,8.3625
84,1,3,Miss. Annie Jermyn,female,22.0,0,0,7.75
85,0,1,Mr. John Montgomery Smart,male,56.0,0,0,26.55
86,0,3,Mr. Todor Sdycoff,male,42.0,0,0,7.8958
87,1,3,Master. Elias Nicola-Yarred,male,12.0,1,0,11.2417
88,0,3,Mr. Frederick Charles Sawyer,male,24.5,0,0,8.05
89,1,3,Miss. Katherine Murphy,female,18.0,1,0,15.5
90,0,3,Mr. Hans Martin Monsen Birkeland,male,21.0,0,0,7.775
91,1,2,Miss. Elsie Doling,female,18.0,0,1,23.0
92,0,3,Mr. Ahmed Ali,male,24.0,0,0,7.05
93,1,3,Mr. Karl Edwart Dahl,male,45.0,0,0,8.05
94,0,3,Mr. Ernst William Torber,male,44.0,0,0,8.05
95,0,3,Mr. Mito Mitkoff,male,23.0,0,0,7.8958
96,0,3,Miss. Katie Peters,female,28.0,0,0,8.1375
97,0,3,Master. George Hugh Rice,male,8.0,4,1,29.125
98,0,3,Miss. Ellis Anna Maria Andersson,female,2.0,4,2,31.275
99,0,3,Mr. John Flynn,male,36.0,0,0,6.95
100,1,3,Miss. Margaret Jane Murphy,female,18.0,1,0,15.5
101,1,1,Miss. Georgette Alexandra Madill,female,15.0,0,1,211.3375
102,0,3,Mr. Guentcho Bostandyeff,male,26.0,0,0,7.8958
103,1,1,Dr. Henry William Frauenthal,male,50.0,2,0,133.65
104,1,3,Mr. Ernst Ulrik Persson,male,25.0,1,0,7.775
105,0,1,Mr. Richard Frasar White,male,21.0,0,1,77.2875
106,0,2,Mr. Peter Henry Renouf,male,34.0,1,0,21.0
107,1,1,Miss. Alice Cleaver,female,22.0,0,0,151.55
108,1,1,Mrs. Martin (Elizabeth L. Barrett) Rothschild,female,54.0,1,0,59.4
109,0,3,Mr. Owen Harris Braund,male,22.0,1,0,7.25
110,0,3,Mr. John Garfirth,male,23.0,0,0,14.5
111,0,3,Mr. James Scanlan,male,22.0,0,0,7.725
112,1,3,Mr. Ivan Jalsevac,male,29.0,0,0,7.8958
113,0,1,Mr. Victor Robbins,male,45.0,0,0,227.525
114,0,3,Mrs. Jean Baptiste (Rosalie Paula Govaert) Van Impe,female,30.0,1,1,24.15
115,0,3,Mr. Thomas O'Brien,male,27.0,1,0,15.5
116,0,3,Mr. Hans Linus Eklund,male,16.0,0,0,7.775
117,0,3,Miss. Bridget Mary O'Sullivan,female,21.0,0,0,7.6292
118,0,2,Mr. Nicholas Nasser,male,32.5,1,0,30.0708
119,1,1,Mrs. Thomas (Edith Wearne) Pears,female,22.0,1,0,66.6
120,0,1,Mr. William Henry Marsh Parr,male,30.0,0,0,0.0
121,0,3,Mr. Ernesti Arvid Panula,male,16.0,4,1,39.6875
122,1,2,Mrs. Samuel (Hannah Wizosky) Abelson,female,28.0,1,0,24.0
123,1,2,Mrs. Harvey (Charlotte Annie Tate) Collyer,female,31.0,1,1,26.25
124,0,3,Mr. Mile Smiljanic,male,37.0,0,0,8.6625
125,0,2,Mr. Jacob Christian Milling,male,48.0,0,0,13.0
126,0,2,Mr. Peter David McKane,male,46.0,0,0,26.0
127,0,3,Mrs. Joseph (Maria Elias) Caram,female,18.0,1,0,14.4583
128,0,3,Mr. William James Elsbury,male,47.0,0,0,7.25
129,1,3,Mrs. Frank John (Emily Alice Brown) Goldsmith,female,31.0,1,1,20.525
130,0,3,Mr. Jakob Pasic,male,21.0,0,0,8.6625
131,1,2,Miss. Mary Davis,female,28.0,0,0,13.0
132,0,1,Mr. Arthur H Gee,male,47.0,0,0,38.5
133,1,3,Mr. Juha Niskanen,male,39.0,0,0,7.925
134,0,1,Mr. Jacques Heath Futrelle,male,37.0,1,0,53.1
135,0,3,Mr. Knud Paust Rommetvedt,male,49.0,0,0,7.775
136,0,3,Mr. Patrick D O'Connell,male,18.0,0,0,7.7333
137,0,3,Mr. Tannous Elias,male,15.0,1,1,7.2292
138,1,1,Mr. Henry Blank,male,40.0,0,0,31.0
139,0,1,Mr. Percival Wayland White,male,54.0,0,1,77.2875
140,0,3,Mr. Leslie Williams,male,28.5,0,0,16.1
141,0,1,Mr. Alexander Oskar Holverson,male,42.0,1,0,52.0
142,1,3,Mr. August Edvard Andersson,male,27.0,0,0,7.7958
143,1,1,Lady. (Lucille Christiana Sutherland)Duff Gordon,female,48.0,1,0,39.6
144,1,3,Master. Assad Alexander Thomas,male,0.42,0,1,8.5167
145,1,1,Mr. William Bertram Greenfield,male,23.0,0,1,63.3583
146,0,3,Mr. John Hall Lovell,male,20.5,0,0,7.25
147,0,2,Mr. Edgardo Samuel Andrew,male,18.0,0,0,11.5
148,1,1,Mrs. Dickinson H (Helen Walton) Bishop,female,19.0,1,0,91.0792
149,0,3,Mr. Johannes Halvorsen Kalvik,male,21.0,0,0,8.4333
150,0,3,Mr. William Ali,male,25.0,0,0,7.05
151,1,1,Miss. Jean Gertrude Hippach,female,16.0,0,1,57.9792
152,1,1,Miss. Amelie Icard,female,38.0,0,0,80.0
153,0,3,Mr. Vincenz Kink,male,26.0,2,0,8.6625
154,1,1,Miss. Caroline Louise Endres,female,38.0,0,0,227.525
155,0,3,Mrs. Edward (Margaret Ann Watson) Ford,female,48.0,1,3,34.375
156,1,2,Mrs. Nicholas (Adele Achem) Nasser,female,14.0,1,0,30.0708
157,0,2,Mr. Francis Parkes,male,21.0,0,0,0.0
158,1,2,Mrs. Amin S (Marie Marthe Thuillard) Jerwan,female,23.0,0,0,13.7917
159,0,1,Mr. Herbert Fuller Chaffee,male,46.0,1,0,61.175
160,0,3,Master. Thomas Henry Sage,male,5.0,8,2,69.55
161,0,3,Mr. Henry Hart,male,27.0,0,0,6.8583
162,0,3,Mr. John Fredrik Alexander Holm,male,43.0,0,0,6.45
163,0,1,Mr. Charles Alexander Fortune,male,19.0,3,2,263.0
164,0,1,Mr. William Anderson Walker,male,47.0,0,0,34.0208
165,1,3,Miss. Luise Gretchen Kink-Heilmann,female,4.0,0,2,22.025
166,0,1,Mr. James Clinch Smith,male,56.0,0,0,30.6958
167,1,1,Mr. Samuel L Goldenberg,male,49.0,1,0,89.1042
168,0,3,Mr. Minko Nankoff,male,32.0,0,0,7.8958
169,1,2,Mr. George Harris,male,62.0,0,0,10.5
170,0,2,Mr. George Floyd Eitemiller,male,23.0,0,0,13.0
171,1,1,Mrs. Norman Campbell (Bertha Griggs) Chambers,female,33.0,1,0,53.1
172,1,3,Mrs. Thomas (Johanna Godfrey) O'Brien,female,26.0,1,0,15.5
173,1,3,Mr. Lee Bing,male,32.0,0,0,56.4958
174,1,1,Mrs. Samuel L (Edwiga Grabowska) Goldenberg,female,40.0,1,0,89.1042
175,1,3,Mrs. Solomon (Latifa Qurban) Baclini,female,24.0,0,3,19.2583
176,0,1,Mr. Charles Duane Williams,male,51.0,0,1,61.3792
177,0,3,Mr. Emil Christmann,male,29.0,0,0,8.05
178,0,2,Mr. Samuel Greenberg,male,52.0,0,0,13.0
179,0,3,Mr. Martin Gallagher,male,25.0,0,0,7.7417
180,0,3,Mr. Daniel Coxon,male,59.0,0,0,7.25
181,0,3,Mr. Ristiu Dantcheff,male,25.0,0,0,7.8958
182,1,3,Miss. Marie Catherine Baclini,female,5.0,2,1,19.2583
183,0,1,Mr. Sante Ringhini,male,22.0,0,0,135.6333
184,0,3,Mr. Yousseff Ibrahim Shawah,male,30.0,0,0,7.2292
185,0,3,Mr. George Henry Green,male,51.0,0,0,8.05
186,1,3,Miss. Lillian Gertrud Asplund,female,5.0,4,2,31.3875
187,1,2,Miss. Marjorie Collyer,female,8.0,0,2,26.25
188,0,3,Mr. Edvard Bengtsson Lindell,male,36.0,1,0,15.55
189,1,2,Miss. Constance Mirium West,female,5.0,1,2,27.75
190,1,2,Mrs. William (Anna) Hamalainen,female,24.0,0,2,14.5
191,0,3,Mr. Francesco Celotti,male,24.0,0,0,8.05
192,0,3,Mr. Nedelio Petroff,male,19.0,0,0,7.8958
193,0,3,Mr. Khalil Saad,male,25.0,0,0,7.225
194,0,3,Mrs. Anders Johan (Alfrida Konstantia Brogren) Andersson,female,39.0,1,5,31.275
195,1,2,Miss. Bertha Ilett,female,17.0,0,0,10.5
196,0,3,Mr. Joseph Murdlin,male,22.0,0,0,8.05
197,0,3,Master. Urho Abraham Panula,male,2.0,4,1,39.6875
198,0,2,Mr. Robert William Norman Leyson,male,24.0,0,0,10.5
199,0,3,Miss. Aloisia Haas,female,24.0,0,0,8.85
200,1,2,Mrs. Sidney Samuel (Amy Frances Christy) Jacobsohn,female,24.0,2,1,27.0
201,0,1,Mr. William Thomas Stead,male,62.0,0,0,26.55
202,0,3,Miss. Kristina Sofia Laitinen,female,37.0,0,0,9.5875
203,0,2,Mr. Reginald Fenton Butler,male,25.0,0,0,13.0
204,1,3,Mr. Theodore de Mulder,male,30.0,0,0,9.5
205,1,3,Miss. Amy Zillah Elsie Stanley,female,23.0,0,0,7.55
206,1,3,Miss. Anna Kristine Salkjelsvik,female,21.0,0,0,7.65
207,0,1,Don. Manuel E Uruchurtu,male,40.0,0,0,27.7208
208,0,3,Mr. Edward Willey,male,21.0,0,0,7.55
209,0,3,Mr. Percival Thorneycroft,male,37.0,1,0,16.1
210,1,1,Miss. Ellen Barber,female,26.0,0,0,78.85
211,0,3,Mr. Tannous Doharr,male,28.0,0,0,7.2292
212,1,2,Mr. Lawrence Beesley,male,34.0,0,0,13.0
213,0,1,Mr. Austen Partner,male,45.5,0,0,28.5
214,1,1,Mr. Adolphe Saalfeld,male,47.0,0,0,30.5
215,0,3,Mr. James Lester,male,39.0,0,0,24.15
216,0,3,Mr. Uscher Paulner,male,16.0,0,0,8.7125
217,1,1,Mlle. Emma Sagesser,female,24.0,0,0,69.3
218,0,3,Mr. Erik Johansson,male,22.0,0,0,7.7958
219,1,3,Miss. Manca Karun,female,4.0,0,1,13.4167
220,1,1,Mrs. Frederick R (Marion) Kenyon,female,41.0,1,0,51.8625
221,0,3,Mr. Johann Markun,male,33.0,0,0,7.8958
222,1,3,Miss. Bertha Moran,female,28.0,1,0,24.15
223,0,3,Mr. Leo Edmondus Vander Planke,male,16.0,2,0,18.0
224,1,3,Miss. Mary Kelly,female,22.0,0,0,7.75
225,0,1,Mr. Thomas Jr Andrews,male,39.0,0,0,0.0
226,0,3,Mr. Klas Albin Klasen,male,18.0,1,1,7.8542
227,0,3,Mr. Yoto Danoff,male,27.0,0,0,7.8958
228,1,1,Miss. Elisabeth Walton Allen,female,29.0,0,0,211.3375
229,0,2,Mr. William John Berriman,male,23.0,0,0,13.0
230,0,2,Mr. Kurt Arnold Gottfrid Bryhl,male,25.0,1,0,26.0
231,0,3,Mr. Len Lam,male,23.0,0,0,56.4958
232,0,3,Mr. Lewis Richard Braund,male,29.0,1,0,7.0458
233,1,1,Mr. George Bradley,male,37.0,0,0,26.55
234,1,2,Mrs. Peter Henry (Lillian Jefferys) Renouf,female,30.0,3,0,21.0
235,0,2,Mr. Lawrence Gavey,male,26.0,0,0,10.5
236,0,2,Mr. Joseph J Fynney,male,35.0,0,0,26.0
237,0,3,Miss. Hanora Hegarty,female,18.0,0,0,6.75
238,0,3,Mr. Jeremiah Burke,male,19.0,0,0,6.75
239,0,3,Mr. Johan Hansen Nysveen,male,61.0,0,0,6.2375
240,0,3,Mr. Samuel Beard Risien,male,69.0,0,0,14.5
241,0,3,Mr. Olof Svensson,male,24.0,0,0,7.7958
242,0,3,Mr. Johan Svensson,male,74.0,0,0,7.775
243,0,2,Mr. Richard George Hocking,male,23.0,2,1,11.5
244,0,3,Mr. Hans Peder Jensen,male,20.0,0,0,7.8542
245,0,3,Mr. Abraham (David Lishin) Harmer,male,25.0,0,0,7.25
246,1,2,Mrs. Sidney (Emily Hocking) Richards,female,24.0,2,3,18.75
247,0,2,Mr. Henry Michael Mitchell,male,70.0,0,0,10.5
248,1,1,Mrs. Henry Birkhardt (Irene Wallach) Harris,female,35.0,1,0,83.475
249,1,1,Miss. Elise Lurette,female,58.0,0,0,146.5208
250,1,1,Miss. Laura Mabel Francatelli,female,30.0,0,0,56.9292
251,1,1,Mrs. Louis Albert (Ida Sophia Fischer) Hippach,female,44.0,0,1,57.9792
252,0,2,Mr. John Henry Chapman,male,37.0,1,0,26.0
253,0,3,Mr. Matthew Sadlier,male,19.0,0,0,7.7292
254,0,1,Mr. George Wright,male,62.0,0,0,26.55
255,0,1,Mr. Mark Fortune,male,64.0,1,4,263.0
256,0,2,Mr. Reginald Hale,male,30.0,0,0,13.0
257,0,3,Mr. Orsen Sirayanian,male,22.0,0,0,7.2292
258,1,3,Mr. Fridtjof Arne Madsen,male,24.0,0,0,7.1417
259,0,2,Mrs. Ernest Courtenay (Lilian Hughes) Carter,female,44.0,1,0,26.0
260,0,2,Mr. Edwy Arthur West,male,36.0,1,2,27.75
261,0,3,Mr. Alfred George John Rush,male,16.0,0,0,8.05
262,1,1,Master. Washington Dodge,male,4.0,0,2,81.8583
263,1,3,Mrs. Pekka Pietari (Elin Matilda Dolck) Hakkarainen,female,24.0,1,0,15.85
264,1,1,Mrs. Elmer Zebley (Juliet Cummins Wright) Taylor,female,48.0,1,0,52.0
265,0,3,Miss. Mary Bourke,female,40.0,0,2,7.75
266,1,1,Mr. Maxmillian Frolicher-Stehli,male,60.0,1,1,79.2
267,0,3,Mr. Douglas Bullen Sage,male,18.0,8,2,69.55
268,0,3,Miss. Jeannie Lefebre,female,8.0,3,1,25.4667
269,0,2,Mrs. William (Anna Sylfven) Lahtinen,female,26.0,1,1,26.0
270,1,2,Miss. Anna Sinkkonen,female,30.0,0,0,13.0
271,0,2,Mr. Johan Henrik Johannesson Kvillner,male,31.0,0,0,10.5
272,1,1,Mr. Peter Denis Daly,male,51.0,0,0,26.55
273,1,1,Mrs. Jacques Heath (Lily May Peel) Futrelle,female,35.0,1,0,53.1
274,0,1,Mr. Washington Augustus II Roebling,male,31.0,0,0,50.4958
275,1,1,Mr. Charles Hallace Romaine,male,45.0,0,0,26.55
276,0,1,Mr. Tyrell William Cavendish,male,36.0,1,0,78.85
277,1,2,Master. Edmond Roger Navratil,male,2.0,1,1,26.0
278,0,3,Mr. John Viktor Bengtsson,male,26.0,0,0,7.775
279,0,3,Mr. Maurice O'Connor,male,17.0,0,0,7.75
280,1,1,Miss. Margaret Bechstein Hays,female,24.0,0,0,83.1583
281,0,3,Mr. Jeso Culumovic,male,17.0,0,0,8.6625
282,1,3,Mr. Bernard McCoy,male,24.0,2,0,23.25
283,1,1,Mrs. James Joseph (Margaret Tobin) Brown,female,44.0,0,0,27.7208
284,1,2,Miss. Clear Annie Cameron,female,35.0,0,0,21.0
285,1,1,Mrs. Thomas Jr (Lily Alexenia Wilson) Potter,female,56.0,0,1,83.1583
286,1,2,Mrs. William A (Florence Agnes Hughes) Angle,female,36.0,1,0,26.0
287,0,1,Mr. John Farthing,male,49.0,0,0,221.7792
288,0,1,Mr. Arthur Ernest Nicholson,male,64.0,0,0,26.0
289,0,3,Mr. Alfred Johnson,male,49.0,0,0,0.0
290,0,3,Mr. Ilmari Rudolf Alhomaki,male,20.0,0,0,7.925
291,0,2,Mr. Sidney Samuel Jacobsohn,male,42.0,1,0,27.0
292,0,3,Miss. Katriina Jussila,female,20.0,1,0,9.825
293,0,3,Mr. Mohamed Badt,male,40.0,0,0,7.225
294,0,3,Mr. Philemon van Melkebeke,male,23.0,0,0,9.5
295,1,1,Mr. Harry Homer,male,35.0,0,0,26.55
296,1,1,Mlle. Berthe Antonine Mayne,female,24.0,0,0,49.5042
297,1,2,Mrs. (Ada E Hall) Ball,female,36.0,0,0,13.0
298,0,3,Mrs. William (Margaret Norton) Rice,female,39.0,0,5,29.125
299,0,2,Mr. Alfred Fleming Cunningham,male,22.0,0,0,0.0
300,0,3,Miss. Lillian Amy Goodwin,female,16.0,5,2,46.9
301,1,2,Mr. William John Mellors,male,19.0,0,0,10.5
302,0,2,Mr. Frederick William Pengelly,male,19.0,0,0,10.5
303,0,2,Mrs. (Mary) Mack,female,57.0,0,0,10.5
304,0,3,Mr. William Arthur Lobb,male,30.0,1,0,16.1
305,1,3,Miss. Brigdet Delia McDermott,female,31.0,0,0,7.7875
306,0,1,Mr. William Harrison,male,40.0,0,0,0.0
307,1,1,Miss. Elsie Edith Bowerman,female,22.0,0,1,55.0
308,0,3,Mr. Ole Martin Olsen,male,27.0,0,0,7.3125
309,0,2,Mr. Henry Samuel Morley,male,39.0,0,0,26.0
310,1,3,Miss. Hanora O'Leary,female,16.0,0,0,7.8292
311,0,3,Mr. Nils Johan Goransson Olsson,male,28.0,0,0,7.8542
312,0,3,Mr. Ernst Gilbert Danbom,male,34.0,1,1,14.4
313,0,3,Mr. William John Rogers,male,30.0,0,0,8.05
314,0,3,Master. Juha Niilo Panula,male,7.0,4,1,39.6875
315,0,3,Mr. Edward Roland Stanley,male,21.0,0,0,8.05
316,0,1,Mr. Henry Birkhardt Harris,male,45.0,1,0,83.475
317,1,1,Mrs. Edgar Joseph (Leila Saks) Meyer,female,25.0,1,0,82.1708
318,1,3,Miss. Laina Heikkinen,female,26.0,0,0,7.925
319,1,2,Miss. Susan Webber,female,32.5,0,0,13.0
320,0,3,Mr. Robert Mernagh,male,28.0,0,0,7.75
321,1,1,Mr. John Borland Jr Thayer,male,17.0,0,2,110.8833
322,0,3,Mr. Patrick Ryan,male,30.0,0,0,24.15
323,1,2,Miss. Edwina Celia Troutt,female,27.0,0,0,10.5
324,1,2,Mrs. (Mary D Kingcome) Hewlett,female,55.0,0,0,16.0
325,1,1,Mr. Dickinson H Bishop,male,25.0,1,0,91.0792
326,1,1,Miss. Elizabeth Mussey Eustis,female,54.0,1,0,78.2667
327,1,1,Miss. Madeleine Newell,female,31.0,1,0,113.275
328,0,1,Capt. Edward Gifford Crosby,male,70.0,1,1,71.0
329,0,3,Mr. Husein Sivic,male,40.0,0,0,7.8958
330,0,3,Mr. Sleiman Attalah,male,30.0,0,0,7.225
331,1,3,Miss. Mary Agatha Glynn,female,18.0,0,0,7.75
332,1,1,Miss. Mary Conover Lines,female,16.0,0,1,39.4
333,1,1,Major. Arthur Godfrey Peuchen,male,52.0,0,0,30.5
334,0,3,Mr. Thor Anderson Olsvigen,male,20.0,0,0,9.225
335,0,3,Miss. Augusta Charlotta Lindblom,female,45.0,0,0,7.75
336,1,2,Miss. Alice Herman,female,24.0,1,2,65.0
337,1,1,Miss. Elizabeth W Shutes,female,40.0,0,0,153.4625
338,0,3,Mr. Karl Ivar Sven Berglund,male,22.0,0,0,9.35
339,0,3,Mr. Achille Waelens,male,22.0,0,0,9.0
340,0,2,Mr. William Henry Gillespie,male,34.0,0,0,13.0
341,1,1,Miss. Roberta Maioni,female,16.0,0,0,86.5
342,1,2,Mr. Charles Eugene Williams,male,23.0,0,0,13.0
343,0,1,Miss. Ann Elizabeth Isham,female,50.0,0,0,28.7125
344,1,2,Master. Richard F Becker,male,1.0,2,1,39.0
345,0,3,Mr. Tido Rekic,male,38.0,0,0,7.8958
346,1,1,Miss. Albina Bazzani,female,32.0,0,0,76.2917
347,0,3,Mr. Peju Coleff,male,36.0,0,0,7.4958
348,0,3,Mrs. Nils (Alma Cornelia Berglund) Palsson,female,29.0,0,4,21.075
349,1,2,Mrs. (Elizabeth Ramell) Nye,female,29.0,0,0,10.5
350,1,2,Master. Michel M Navratil,male,3.0,1,1,26.0
351,0,3,Mr. Johan Svensson Lundahl,male,51.0,0,0,7.0542
352,1,1,Dr. Max Stahelin-Maeglin,male,32.0,0,0,30.5
353,0,3,Miss. Catharina Van Impe,female,10.0,0,2,24.15
354,0,1,Dr. William Edward Minahan,male,44.0,2,0,90.0
355,0,3,Master. Harald Skoog,male,4.0,3,2,27.9
356,1,1,Mrs. Frank Manley (Anna Sophia Atkinson) Warren,female,60.0,1,0,75.25
357,1,3,Miss. Mary McGovern,female,22.0,0,0,7.8792
358,0,2,Mr. Percival James R Sharp,male,27.0,0,0,26.0
359,1,2,Miss. Lucy Ridsdale,female,50.0,0,0,10.5
360,0,1,Mr. Walter Donald Douglas,male,50.0,1,0,106.425
361,0,3,Mrs. John (Catherine) Bourke,female,32.0,1,1,15.5
362,0,3,Miss. Elina Olsson,female,31.0,0,0,7.8542
363,0,3,Mr. Carl/Charles Peter Widegren,male,51.0,0,0,7.75
364,1,3,Mrs. Oscar W (Elisabeth Vilhelmina Berg) Johnson,female,27.0,0,2,11.1333
365,1,3,Miss. Elizabeth Dowdell,female,30.0,0,0,12.475
366,1,1,Mrs. John Borland (Marian Longstreth Morris) Thayer,female,39.0,1,1,110.8833
367,0,3,Miss. Matilda Petranec,female,28.0,0,0,7.8958
368,1,3,Master. William Loch Coutts,male,3.0,1,1,15.9
369,1,1,Mrs. Frederick Joel (Margaret Welles Barron) Swift,female,48.0,0,0,25.9292
370,0,2,Mr. Alfred Gaskell,male,16.0,0,0,26.0
371,0,2,Mr. Henry Price Hodges,male,50.0,0,0,13.0
372,0,3,Mr. August Sigfrid Carlsson,male,28.0,0,0,7.7958
373,0,3,Mr. George John Jr Sage,male,20.0,8,2,69.55
374,0,3,Mr. Johan Werner Salonen,male,39.0,0,0,7.925
375,1,2,Master. Alden Gates Caldwell,male,0.83,0,2,29.0
376,0,3,Mr. Mansouer Novel,male,28.5,0,0,7.2292
377,0,3,Mr. Daniel J Moran,male,28.0,1,0,24.15
378,0,3,Mrs. (Catherine David) Barbara,female,45.0,0,1,14.4542
379,1,3,Mr. Ali Lam,male,37.0,0,0,56.4958
380,0,3,Miss. Torborg Danira Palsson,female,8.0,3,1,21.075
381,1,2,Mrs. Frederick Charles (Jane Richards) Quick,female,33.0,0,2,26.0
382,1,2,Miss. Simonne Marie Anne Andree Laroche,female,3.0,1,2,41.5792
383,0,3,Mr. Houssein G N Hassan,male,11.0,0,0,18.7875
384,1,3,Miss. Velin Ohman,female,22.0,0,0,7.775
385,1,1,Mrs. Emil (Tillie Mandelbaum) Taussig,female,39.0,1,1,79.65
386,0,3,Mr. Gustaf Joel Johansson,male,33.0,0,0,8.6542
387,0,3,Mr. James Flynn,male,28.0,0,0,7.75
388,1,2,Miss. Phyllis May Quick,female,2.0,1,1,26.0
389,0,3,Mr. Ernest Portage Tomlin,male,30.5,0,0,8.05
390,0,2,Rev. Thomas Roussel Davids Byles,male,42.0,0,0,13.0
391,0,3,Mr. Alexander Radeff,male,27.0,0,0,7.8958
392,0,3,Mr. Neal McNamee,male,24.0,1,0,16.1
393,1,2,Miss. Nora A Keane,female,46.0,0,0,12.35
394,0,2,Mr. Charles Frederick Waddington Sedgwick,male,25.0,0,0,13.0
395,1,2,Mrs. Benjamin (Esther Ada Bloomfield) Hart,female,45.0,1,1,26.25
396,1,2,Mrs. William H (Jessie L) Trout,female,28.0,0,0,12.65
397,1,3,Miss. Marguerite Rut Sandstrom,female,4.0,1,1,16.7
398,0,3,Mr. David John Barton,male,22.0,0,0,8.05
399,0,2,Mr. Albert Mallet,male,31.0,1,1,37.0042
400,1,2,Mrs. Florence Kelly,female,45.0,0,0,13.5
401,1,1,Miss. Kornelia Theodosia Andrews,female,63.0,1,0,77.9583
402,1,3,Mr. Hanna Mamee,male,18.0,0,0,7.2292
403,0,3,Mr. Ernest James Crease,male,19.0,0,0,8.1583
404,0,3,Mr. Henry Margido Olsen,male,28.0,0,0,22.525
405,0,3,Mr. Bengt Edvin Larsson,male,29.0,0,0,7.775
406,0,1,Mr. Albert A Stewart,male,64.0,0,0,27.7208
407,0,3,Mr. Anders Vilhelm Gustafsson,male,37.0,2,0,7.925
408,0,3,Mr. Richard Cater Nosworthy,male,21.0,0,0,7.8
409,0,3,Mr. Satio Coleff,male,24.0,0,0,7.4958
410,1,3,Mr. Eino William Lindqvist,male,20.0,1,0,7.925
411,0,3,Mrs. Ernst Gilbert (Anna Sigrid Maria Brogren) Danbom,female,28.0,1,1,14.4
412,0,3,Miss. Margit Elizabeth Skoog,female,2.0,3,2,27.9
413,0,1,Mr. Daniel Warner Marvin,male,19.0,1,0,53.1
414,0,3,Mr. Claus Peter Hansen,male,41.0,2,0,14.1083
415,0,2,Mr. Stanley George Hickman,male,21.0,2,0,73.5
416,0,2,Mr. Samuel James Hayden Sobey,male,25.0,0,0,13.0
417,0,3,Miss. (Marion Ogden) Meanwell,female,62.0,0,0,8.05
418,0,3,Mr. Jakob Alfred Johanson,male,34.0,0,0,6.4958
419,1,1,Mrs. Charles Melville (Clara Jennings Gregg) Hays,female,52.0,1,1,93.5
420,1,1,Miss. Elizabeth Margaret Burns,female,41.0,0,0,134.5
421,0,1,Mr. Francis Davis Millet,male,65.0,0,0,26.55
422,0,2,Mr. Stephen Hold,male,44.0,1,0,26.0
423,0,3,Miss. Constance Gladys Sage,female,8.0,8,2,69.55
424,0,3,Mr. Branko Dakic,male,19.0,0,0,10.1708
425,0,2,Mr. Thomas Charles Mudd,male,16.0,0,0,10.5
426,0,1,Mr. Ervin G Lewy,male,30.0,0,0,27.7208
427,0,3,Mr. Jovo Calic,male,17.0,0,0,8.6625
428,1,1,Miss. Marie Grice Young,female,36.0,0,0,135.6333
429,0,3,Mr. William Thomas Beavan,male,19.0,0,0,8.05
430,1,3,Master. Gerios Moubarek,male,7.0,1,1,15.2458
431,1,1,Mrs. Edward Dale (Charlotte Lamson) Appleton,female,53.0,2,0,51.4792
432,1,1,Miss. Rosalie Bidois,female,42.0,0,0,227.525
433,1,1,Miss. Gladys Cherry,female,30.0,0,0,86.5
434,0,2,Mr. Ambrose Jr Hood,male,21.0,0,0,73.5
435,0,2,Mr. John William Gill,male,24.0,0,0,13.0
436,1,1,Mr. George Achilles Harder,male,25.0,1,0,55.4417
437,1,1,Mr. Hugh Woolner,male,46.0,0,0,35.5
438,0,1,Mr. Francisco M Carrau,male,28.0,0,0,47.1
439,0,3,Miss. Robina Maggie Ford,female,9.0,2,2,34.375
440,1,3,Miss. Virginia Ethel Emanuel,female,5.0,0,0,12.475
441,0,3,Mr. William Cahoone Jr Johnson,male,19.0,0,0,0.0
442,0,3,Mr. Simon Maisner,male,34.0,0,0,8.05
443,0,3,Mrs. Viktor (Helena Wilhelmina) Rosblom,female,41.0,0,2,20.2125
444,0,1,Mr. William Fisher Hoyt,male,43.0,0,0,30.6958
445,0,3,Mr. Rahamin Haim Moutal,male,28.0,0,0,8.05
446,1,3,Master. Halim Gonios Moubarek,male,4.0,1,1,15.2458
447,0,3,Mr. Leonard Charles Moore,male,19.0,0,0,8.05
448,1,3,Miss. Anna Peter,female,2.0,1,1,22.3583
449,0,3,Mr. Mansour Hanna,male,23.5,0,0,7.2292
450,0,3,Mr. Jovan Dimic,male,42.0,0,0,8.6625
451,0,3,Master. Eugene Rice,male,2.0,4,1,29.125
452,0,3,Mr. Fared Kassem,male,18.0,0,0,7.2292
453,0,3,Mr. Antoni Yasbeck,male,27.0,1,0,14.4542
454,1,2,Mrs. Samuel (Jane Laver) Herman,female,48.0,1,2,65.0
455,0,3,Mr. Nils August Karlsson,male,22.0,0,0,7.5208
456,0,3,Mr. Ivan Staneff,male,23.0,0,0,7.8958
457,1,2,Miss. Joan Wells,female,4.0,1,1,23.0
458,1,1,Miss. Harriet R Crosby,female,36.0,0,2,71.0
459,1,1,Mr. James Robert McGough,male,36.0,0,0,26.2875
460,0,3,Mr. Johan Birger Gustafsson,male,28.0,2,0,7.925
461,1,1,Mr. Mauritz Hakan Bjornstrom-Steffansson,male,28.0,0,0,26.55
462,1,3,Mr. Nikola Lulic,male,27.0,0,0,8.6625
463,0,3,Mr. Malkolm Joackim Johnson,male,33.0,0,0,7.775
464,0,3,Mr. Andrew G Johnston,male,35.0,1,2,23.45
465,1,2,Mrs. James (Elizabeth Inglis Milne) Watt,female,40.0,0,0,15.75
466,0,3,Mr. Mitto Denkoff,male,30.0,0,0,7.8958
467,1,1,Mr. Elmer Zebley Taylor,male,48.0,1,0,52.0
468,1,3,Miss. Erna Alexandra Andersson,female,17.0,4,2,7.925
469,1,1,Miss. Gretchen Fiske Longley,female,21.0,0,0,77.9583
470,0,3,Master. Gosta Leonard Palsson,male,2.0,3,1,21.075
471,1,3,Mr. Nassef Cassem Albimona,male,26.0,0,0,18.7875
472,0,3,Mr. Apostolos Chronopoulos,male,26.0,1,0,14.4542
473,0,2,Miss. Henriette Yrois,female,24.0,0,0,13.0
474,1,1,Mr. Harry Anderson,male,48.0,0,0,26.55
475,1,1,Mrs. Frederic Oakley (Margaretta Corning Stone) Spedden,female,40.0,1,1,134.5
476,0,3,Mr. Henry Jr Sutehall,male,25.0,0,0,7.05
477,1,3,Mr. Edward Arthur Dorking,male,19.0,0,0,8.05
478,0,3,Miss. Ida Sofia Strandberg,female,22.0,0,0,9.8375
479,1,2,Mrs. (Rosa) Pinsky,female,32.0,0,0,13.0
480,1,2,Mrs. Thomas William Solomon (Elizabeth Catherine Ford) Brown,female,40.0,1,1,39.0
481,0,3,Mr. John Bourke,male,40.0,1,1,15.5
482,1,1,Mr. Edwin Nelson Jr Kimball,male,42.0,1,0,52.5542
483,0,3,Miss. Marija Cacic,female,30.0,0,0,8.6625
484,0,3,Mr. Jose Neto Jardin,male,21.0,0,0,7.05
485,0,3,Mr. Henry Damsgaard Hansen,male,21.0,0,0,7.8542
486,1,1,Miss. Amelia Bissette,female,35.0,0,0,135.6333
487,0,2,Mr. Martin Ponesell,male,34.0,0,0,13.0
488,1,3,Miss. Helene Barbara Baclini,female,0.75,2,1,19.2583
489,0,3,Master. Henry Forbes Lefebre,male,5.0,3,1,25.4667
490,0,3,Mr. Frank Duane,male,65.0,0,0,7.75
491,1,2,Mrs. (Karolina) Bystrom,female,42.0,0,0,13.0
492,1,2,Miss. Lyyli Karoliina Silven,female,18.0,0,2,13.0
493,0,1,Mr. Frans Olof Carlsson,male,33.0,0,0,5.0
494,0,3,Mr. Kristo Laleff,male,23.0,0,0,7.8958
495,1,2,Mrs. Lizzie (Elizabeth Anne Wilkinson) Faunthorpe,female,29.0,1,0,26.0
496,0,3,Mr. Josef Arnold-Franchi,male,25.0,1,0,17.8
497,0,3,Mr. Francis William Somerton,male,30.0,0,0,8.05
498,1,1,Mrs. Henry Sleeper (Myna Haxtun) Harper,female,49.0,1,0,76.7292
499,0,3,Mr. Henrik Juul Hansen,male,26.0,1,0,7.8542
500,1,3,Miss. Anna Katherine Kelly,female,20.0,0,0,7.75
501,0,3,Mr. Vasil Plotcharsky,male,27.0,0,0,7.8958
502,1,3,Mrs. Fatima Masselmani,female,22.0,0,0,7.225
503,0,3,Mr. Martin McMahon,male,19.0,0,0,7.75
504,0,3,Mr. Hanna Boulos,male,18.0,0,0,7.225
505,0,3,Mr. Juho Tikkanen,male,32.0,0,0,7.925
506,0,2,Mr. Reginald Charles Coleridge,male,29.0,0,0,10.5
507,0,3,Master. Harold Victor Goodwin,male,9.0,5,2,46.9
508,1,3,Mr. Juho Stranden,male,31.0,0,0,7.925
509,0,3,Mr. Patrick Dooley,male,32.0,0,0,7.75
510,1,3,Mrs. Mara Osman,female,31.0,0,0,8.6833
511,0,3,Mr. Jaako Arnold Panula,male,14.0,4,1,39.6875
512,1,3,Mr. Eiriik Jussila,male,32.0,0,0,7.925
513,1,3,Master. Frank John William Goldsmith,male,9.0,0,2,20.525
514,0,2,Mr. Walter Harris,male,30.0,0,0,10.5
515,0,3,Mr. Joseph Peduzzi,male,24.0,0,0,8.05
516,1,2,Miss. Eva Miriam Hart,female,7.0,0,2,26.25
517,0,1,Mr. George B Goldschmidt,male,71.0,0,0,34.6542
518,1,3,Mr. Eugene Patrick Daly,male,29.0,0,0,7.75
519,0,2,Mr. Frederick James Banfield,male,28.0,0,0,10.5
520,0,3,Mr. Farred Chehab Emir,male,26.0,0,0,7.225
521,1,1,Mrs. William Augustus (Marie Eugenie) Spencer,female,48.0,1,0,146.5208
522,0,3,Mr. Matti Alexanteri Maenpaa,male,22.0,0,0,7.125
523,1,2,Mr. Julian Padro y Manent,male,27.0,0,0,13.8625
524,0,3,Mr. Dibo Elias,male,29.0,0,0,7.225
525,0,2,Mrs. William John Robert (Dorothy Ann Wonnacott) Turpin,female,27.0,1,0,21.0
526,1,3,Mrs. (Mantoura Boulos) Moussa,female,35.0,0,0,7.2292
527,1,3,Mr. Gurshon Cohen,male,18.0,0,0,8.05
528,1,3,Miss. Helen Carr,female,16.0,0,0,7.75
529,0,2,Mr. Joseph Philippe Lemercier Laroche,male,25.0,1,2,41.5792
530,0,1,Mr. George Quincy Clifford,male,40.0,0,0,52.0
531,0,1,Miss. Helen Loraine Allison,female,2.0,1,2,151.55
532,1,3,Master. Eden Leslie Coutts,male,9.0,1,1,15.9
533,1,1,Mr. Walter James Hawksford,male,45.0,0,0,30.0
534,0,3,Miss. Pieta Sofia Ilmakangas,female,25.0,1,0,7.925
535,0,3,Mr. Petar Calic,male,17.0,0,0,8.6625
536,0,3,Mr. Ilia Stoytcheff,male,19.0,0,0,7.8958
537,0,3,Mr. Petco Slabenoff,male,42.0,0,0,7.8958
538,1,1,Miss. Sara Rebecca Compton,female,39.0,1,1,83.1583
539,0,3,Mr. Niels Peder Jensen,male,48.0,0,0,7.8542
540,1,3,Master. Meier Moor,male,6.0,0,1,12.475
541,1,1,Mrs. Richard Leonard (Sallie Monypeny) Beckwith,female,47.0,1,1,52.5542
542,1,2,Mrs. Edward (Ethel Clarke) Beane,female,19.0,1,0,26.0
543,1,1,Mr. Karl Howell Behr,male,26.0,0,0,30.0
544,0,3,Mr. Sigurd Hansen Moen,male,25.0,0,0,7.65
545,1,3,Miss. Helmina Josefina Nilsson,female,26.0,0,0,7.8542
546,0,1,Mr. Ramon Artagaveytia,male,71.0,0,0,49.5042
547,0,3,Mr. Stjepan Turcin,male,36.0,0,0,7.8958
548,0,3,Mr. Joseph Jr Elias,male,17.0,1,1,7.2292
549,0,3,Mr. David Charters,male,21.0,0,0,7.7333
550,0,2,Mr. Emile Richard,male,23.0,0,0,15.0458
551,1,3,Miss. Anna McGowan,female,15.0,0,0,8.0292
552,0,3,Mr. William Henry Allen,male,35.0,0,0,8.05
553,1,2,Mrs. Joseph (Juliette Marie Louise Lafargue) Laroche,female,22.0,1,2,41.5792
554,0,2,Mr. Lewis Hickman,male,32.0,2,0,73.5
555,1,3,Miss. Carla Christine Nielsine Andersen-Jensen,female,19.0,1,0,7.8542
556,1,3,Mr. Oskar Arvid Hedman,male,27.0,0,0,6.975
557,0,2,Mr. Robert Douglas Norman,male,28.0,0,0,13.5
558,1,3,Miss. Anna Sofia Sjoblom,female,18.0,0,0,7.4958
559,0,3,Mr. Andrew Keane,male,20.0,0,0,7.75
560,1,3,Master. Harold Theodor Johnson,male,4.0,1,1,11.1333
561,1,3,Mr. Bernt Johannesen-Bratthammer,male,29.0,0,0,8.1125
562,0,3,Mr. Raihed Razi,male,30.0,0,0,7.2292
563,1,2,Master. George Sibley Richards,male,0.83,1,1,18.75
564,1,3,Mrs. (Beila) Moor,female,27.0,0,1,12.475
565,0,1,Mr. William Baird Silvey,male,50.0,1,0,55.9
566,0,3,Mr. Johannes Joseph Vande Velde,male,33.0,0,0,9.5
567,0,3,Mr. Bertram Frank Dean,male,26.0,1,2,20.575
568,1,3,Miss. Hanora Healy,female,33.0,0,0,7.75
569,0,1,Mr. Benjamin Laventall Foreman,male,30.0,0,0,27.75
570,0,3,Mr. Lionel Leonard,male,36.0,0,0,0.0
571,0,3,Miss. Mabel Skoog,female,9.0,3,2,27.9
572,0,3,Mr. Michael Connaghton,male,31.0,0,0,7.75
573,1,1,Miss. Anna Ward,female,35.0,0,0,512.3292
574,0,3,Mr. August Viktor Larsson,male,29.0,0,0,9.4833
575,0,3,Mr. Youssef Samaan,male,16.0,2,0,21.6792
576,1,1,Mrs. Edward Scott (Elisabeth Walton McMillan) Robert,female,43.0,0,1,211.3375
577,0,3,Mr. Leo Peter Vanden Steen,male,28.0,0,0,9.5
578,1,3,Mr. Johan Julian Sundman,male,44.0,0,0,7.925
579,0,3,Mr. Gerious Youseff,male,45.5,0,0,7.225
580,0,2,Mr. Sinai Kantor,male,34.0,1,0,26.0
581,0,1,Mr. Thomas Clinton Pears,male,29.0,1,0,66.6
582,0,3,Mr. William Alfred Brocklebank,male,35.0,0,0,8.05
583,0,3,Mr. Rene Aime Lievens,male,24.0,0,0,9.5
584,0,3,Mr. Adola Asim,male,35.0,0,0,7.05
585,0,3,Miss. Nourelain Boulos,female,9.0,1,1,15.2458
586,1,1,Mr. Frederic Kimber Seward,male,34.0,0,0,26.55
587,0,1,Mr. Herman Klaber,male,41.0,0,0,26.55
588,0,3,Miss. Hulda Amanda Adolfina Vestrom,female,14.0,0,0,7.8542
589,0,2,Mr. Rene Pernot,male,39.0,0,0,15.05
590,0,2,Mr. Richard Otter,male,39.0,0,0,13.0
591,0,1,Mrs. Hudson J C (Bessie Waldo Daniels) Allison,female,25.0,1,2,151.55
592,0,1,Mr. Milton Clyde Long,male,29.0,0,0,30.0
593,0,3,Mr. Pekka Pietari Hakkarainen,male,28.0,1,0,15.85
594,0,1,Mr. Victor de Satode Penasco y Castellana,male,18.0,1,0,108.9
595,0,3,Mrs. William Arthur (Cordelia K Stanlick) Lobb,female,26.0,1,0,16.1
596,0,2,Mr. Stephen Curnow Jenkin,male,32.0,0,0,10.5
597,0,2,Mr. Robert J Knight,male,41.0,0,0,0.0
598,0,3,Mr. Nestor Cyriel Vande Walle,male,28.0,0,0,9.5
599,1,1,Mr. Richard Leonard Beckwith,male,37.0,1,1,52.5542
600,1,3,Mr. Hanna Assi Barah,male,20.0,0,0,7.2292
601,1,1,Mrs. George Dennick (Mary Hitchcock) Wick,female,45.0,1,1,164.8667
602,0,2,Mr. Charles Henry Davies,male,18.0,0,0,73.5
603,1,3,Miss. Bridget O'Driscoll,female,27.0,0,0,7.75
604,0,1,Mr. Stephen Weart Blackwell,male,45.0,0,0,35.5
605,0,3,Mr. Karl Siegwart Andreas Olsen,male,42.0,0,1,8.4042
606,1,1,Mrs. Victor de Satode (Maria Josefa Perez de Soto y Vallejo) Penasco y Castellana,female,17.0,1,0,108.9
607,0,2,Mr. Ennis Hastings Watson,male,19.0,0,0,0.0
608,0,3,Mr. Frederick William Shellard,male,55.0,0,0,15.1
609,0,3,Mr. David John Bowen,male,21.0,0,0,16.1
610,0,3,Mr. Lee Ling,male,28.0,0,0,56.4958
611,0,2,Mr. Shadrach Gale,male,34.0,1,0,21.0
612,0,3,Mr. William Henry Saundercock,male,20.0,0,0,8.05
613,0,1,Mr. Victor Giglio,male,24.0,0,0,79.2
614,0,2,Mr. Anthony Wood Frost,male,37.0,0,0,0.0
615,1,2,Mr. Edward Beane,male,32.0,1,0,26.0
616,0,1,Mr. Richard William Smith,male,57.0,0,0,26.0
617,1,1,Mr. Henry Sleeper Harper,male,48.0,1,0,76.7292
618,1,1,Mrs. William Baird (Alice Munger) Silvey,female,39.0,1,0,55.9
619,1,2,Mrs. William (Imanita Parrish Hall) Shelley,female,25.0,0,1,26.0
620,1,1,Mr. Algernon Henry Wilson Barkworth,male,80.0,0,0,30.0
